DATABASE ID,ENGLISH,SPANISH,TURKISH,JAPANESE,CHINESE,ITALIAN,FRENCH,GERMAN,RUSSIAN,DUTCH,HEBREW,ARABIC,GREEK,PORTUGUESE,HINDI,KOREAN
4,Angola,Angola,Angora,アンゴラ,安哥拉,Angola,Angola,Angola,Ангола,Angola,אנגולה,أنغولا,Ανγκόλα,Angola,अंगोला,앙골라
15,Burundi,Burundi,Burundi,ブルンジ,布隆迪,Burundi,Burundi,Burundi,Бурунди,Boeroendi,בורונדי,بوروندي,Μπουρούντι,Burundi,बुरुंडी,부룬디
17,Benin,Benin,Benin,ベナン,贝宁,Benin,Bénin,Benin,Бенин,Benin,בנין,بنين,Μπενίν,Benin,बेनिन,베냉
18,Burkina Faso,Burkina Faso,Burkina Faso,ブルキナファソ,布基纳法索,Burkina Faso,Burkina Faso,Burkina Faso,Буркина-Фасо,Burkina Faso,בורקינה פאסו,بوركينا فاسو,Μπουρκίνα Φάσο,Burkina Faso,बुर्किना फासो,부르 키 나 ​​파소
32,Botswana,Botswana,Botsvana,ボツワナ,博茨瓦纳,Botswana,Botswana,Botswana,Ботсвана,Botswana,בוטסואנה,بوتسوانا,Μποτσουάνα,Botswana,बोत्सवाना,보츠와나
33,Central African Republic,República Centroafricana,Orta Afrika Cumhuriyeti,中央アフリカ共和国,中非共和国,Repubblica Centrafricana,République centrafricaine,Zentralafrikanische Republik,Центрально-Африканская Республика,Centraal-Afrikaanse Republiek,הרפובליקה המרכז אפריקאית,جمهورية افريقيا الوسطى,Κεντροαφρικανική Δημοκρατία,Central Africano República,मध्य अफ्रीकी गणराज्य,중앙 아프리카 공화국
39,Cote d'Ivoire,Costa de Marfil,Fildişi Sahili,コー​​トジボワール,科特迪瓦,Costa d'Avorio,Côte d'Ivoire,Cote d'Ivoire,Берег Слоновой Кости,Cote d'Ivoire,חוף השנהב,كوت ديفوار,Ακτή του Ελεφαντοστού,Cote d'Ivoire,कोटे डी आइवर,코트 디부 아르
40,Cameroon,Camerún,Kamerun,カメルーン,喀麦隆,Camerun,Cameroun,Kamerun,Камерун,Kameroen,קמרון,الكاميرون,Καμερούν,Camarões,कैमरून,카메룬
41,"Congo, Republic","Congo, República",Kongo Cumhuriyeti,コンゴ共和国,刚果共和国,"Congo, Repubblica","Congo, République","Kongo, Republik",Республика Конго,"Congo, Republiek","קונגו, הרפובליקה",الكونغو، جمهورية,"Κονγκό, Δημοκρατία","Congo, República",कांगो गणराज्य,콩고 공화국
43,Comoros,Las Comoras,Komorlar,コモロ,科摩罗,Comore,Comores,Komoren,Коморские острова,Comoren,איי קומורו,جزر القمر,Κομόρες,Comores,कोमोरोज़,코모 로스
44,Cape Verde,Cabo Verde,Cape Verde,カーボベルデ,佛得角,Capo Verde,Le Cap-Vert,Kap Verde,Кабо-Верде,Kaapverdië,קייפ ורדה,الرأس الأخضر,Πράσινο Ακρωτήριο,Cabo Verde,केप वर्ड,카보베르데
63,Eritrea,Eritrea,Eritre,エリトリア,厄立特里亚,Eritrea,L'Erythrée,Eritrea,Эритрея,Eritrea,אריתריאה,اريتريا,Ερυθραία,Eritreia,इरीट्रिया,에리트레아
66,Ethiopia,Etiopía,Etiyopya,エチオピア,埃塞俄比亚,Etiopia,Ethiopie,Äthiopien,Эфиопия,Ethiopië,אתיופיה,أثيوبيا,Αιθιοπία,Etiópia,इथियोपिया,에티오피아
72,Gabon,Gabón,Gabon,ガボン,加蓬,Gabon,Gabon,Gabun,Габон,Gabon,גבון,الجابون,Γκαμπόν,Gabão,गैबन,가봉
75,Ghana,Ghana,Gana,ガーナ,加纳,Ghana,Ghana,Ghana,Гана,Ghana,גאנה,غانا,Γκάνα,Gana,घाना,아프리카 서부의 공화국
77,Guinea,Guinea,Gine,ギニー,几内亚,Guinea,Guinée,Guinea,Гвинея,Guinea,גיני,غينيا,Γουινέα,Guiné,गिनी,기니
78,"Gambia, The","Gambia, The","Gambiya,",ガンビア、,冈比亚，,"Gambia, The","Gambie, Le","Gambia,","Гамбии,","Gambia, The","גמביה,",غامبيا،,"Γκάμπια, η",Gâmbia,"गाम्बिया,","감비아,"
79,Guinea-Bissau,Guinea-Bissau,Gine-Bissau,ギニアビサウ,几内亚比绍,Guinea-Bissau,Guinée-Bissau,Guinea-Bissau,Гвинея-Бисау,Guinee-Bissau,גינאה ביסאו,غينيا بيساو,Γουινέα-Μπισάου,Guiné-Bissau,गिन्नी - बिसाउ,기니 비사우
80,Equatorial Guinea,Guinea Ecuatorial,Ekvator Ginesi,赤道ギニア,赤道几内亚,Guinea equatoriale,La Guinée équatoriale,Äquatorial-Guinea,Экваториальная Гвинея,Equatoriaal-Guinea,גינאה המשוונית,غينيا الاستوائية,Ισημερινή Γουινέα,Guiné Equatorial,इक्वेटोरियल गिनी,적도 기니
107,Kenya,Kenia,Kenya,ケニア,肯尼亚,Kenia,Kenya,Kenia,Кения,Kenia,בקניה,كينيا,Κένυα,Quênia,केन्या,케냐
118,Liberia,Liberia,Liberya,リベリア,利比里亚,Liberia,Libéria,Liberia,Либерия,Liberia,ליבריה,ليبيريا,Λιβερία,Libéria,लाइबेरिया,라이베리아
128,Lesotho,Lesoto,Lesoto,レソト,莱索托,Lesoto,Lesotho,Lesotho,Лесото,Lesotho,לסוטו,ليسوتو,Λεσόθο,Lesoto,लेसोथो,레소토
136,Madagascar,Madagascar,Madagaskar,マダガスカル,马达加斯加,Madagascar,Madagascar,Madagaskar,Мадагаскар,Madagascar,מדגסקר,مدغشقر,Μαδαγασκάρη,Madagáscar,मेडागास्कर,마다 가스 카르
143,Mali,Malí,Mali,庭師,马里,Mali,Mali,Mali,Мали,Mali,מלי,مالي,Μάλι,Mali,माली,말리
150,Mozambique,Mozambique,Mozambik,モザンビーク,莫桑比克,Mozambico,Mozambique,Mosambik,Мозамбик,Mozambique,מוזמביק,موزمبيق,Μοζαμβίκη,Moçambique,मोज़ाम्बिक,모잠비크
151,Mauritania,Mauritania,Moritanya,モーリタニア,毛里塔尼亚,Mauritania,Mauritanie,Mauretanien,Мавритания,Mauritanië,מאוריטניה,موريتانيا,Μαυριτανία,Mauritânia,मॉरिटानिया,모리 타니
152,Mauritius,Mauricio,Mauritius,モーリシャス,毛里求斯,Mauritius,Ile Maurice,Mauritius,Маврикий,Mauritius,מאוריציוס,موريشيوس,Μαυρίκιος,Maurício,मॉरिशस,모리셔스
153,Malawi,Malawi,Malawi,マラウイ,马拉维,Malawi,Malawi,Malawi,Малави,Malawi,מלאווי,ملاوي,Μαλάουι,Malavi,मलावी,말라위
155,Mayotte,Mayotte,Mayotte,マヨット島,马约特岛,Mayotte,Mayotte,Mayotte,Майотта,Mayotte,מאיוט,مايوت,Μαγιότ,Mayotte,मायोटी,마요티
157,Namibia,Namibia,Namibya,ナミビア,纳米比亚,Namibia,La Namibie,Namibia,Намибия,Namibië,נמיביה,ناميبيا,Ναμίμπια,Namíbia,नामीबिया,나미비아
159,Niger,Níger,Nijer,ニジェール,尼日尔,Niger,Niger,Niger,Нигер,Niger,ניז'ר,النيجر,Νίγηρας,Níger,नाइजर,니제르
160,Nigeria,Nigeria,Nijerya,ナイジェリア,尼日利亚,Nigeria,Nigeria,Nigeria,Нигерия,Nigeria,ניגריה,نيجيريا,Νιγηρία,Nigéria,नाइजीरिया,나이지리아
184,Rwanda,Ruanda,Ruanda,ルワンダ,卢旺达,Ruanda,Rwanda,Ruanda,Руанда,Rwanda,רואנדה,رواندا,Ρουάντα,Ruanda,रवांडा,르완다
187,Sudan,Sudán,Sudan,スーダン,苏丹,Sudan,Soudan,Sudan,Судан,Soedan,סודן,سودان,Σουδάν,Sudão,सूडान,수단
188,Senegal,Senegal,Senegal,セネガル,塞内加尔,Senegal,Sénégal,Senegal,Сенегал,Senegal,סנגל,السنغال,Σενεγάλη,Senegal,सेनेगल,세네갈
191,Sierra Leone,Sierra Leona,Sierra Leone,シエラレオネ,塞拉利昂,Sierra Leone,Sierra Leone,Sierra Leone,Сьерра-Леоне,Sierra Leone,סיירה לאון,سيراليون,Σιέρα Λεόνε,Serra Leoa,सिएरा लियोन,시에라 리온
194,Somalia,Somalia,Somali,ソマリア,索马里,Somalia,Somalie,Somalia,Сомали,Somalië,סומליה,الصومال,Σομαλία,Somália,सोमालिया,소말리아
198,Sao Tome and Principe,Santo Tomé y Príncipe,Sao Tome ve Principe,サントメプリンシペ,圣多美和普林西比,Sao Tome e Principe,Sao Tomé et Principe,Sao Tome und Principe,Сан-Томе и Принсипи,Sao Tome en Principe,סאו טומה ופרינסיפה,ساو تومي وبرينسيبي,Σάο Τομέ και Πρίνσιπε,São Tomé e Príncipe,साओ टोम और प्रिंसिपे,쌍토메프린시페
203,Swaziland,Suazilandia,Svaziland,スワジランド,斯威士兰,Swaziland,Swaziland,Swasiland,Свазиленд,Swaziland,סווזילנד,سوازيلاند,Ζουαζιλάνδη,Suazilândia,स्वाज़ीलैंड,스와질랜드
204,Seychelles,Seychelles,Seyşeller,セーシェル,塞舌尔,Seychelles,Seychelles,Seychellen,Сейшельские острова,Seychellen,Seychelles,سيشل,Σεϋχέλλες,Seychelles,सेशेल्स,Seychelles
207,Chad,Chad,Çad,チャド,乍得,Chad,Tchad,Tschad,Чад,Tsjaad,צ'אד,تشاد,Τσαντ,Chade,काग़ज़ का टुकड़ा,차드
208,Togo,Togo,Togo,トーゴ,多哥,Togo,Togo,Togo,Того,Togo,טוגו,توغو,Τόγκο,Togo,टोगो,토고
218,Tanzania,Tanzania,Tanzanya,タンザニア,坦桑尼亚,Tanzania,Tanzanie,Tansania,Танзания,Tanzania,טנזניה,تنزانيا,Τανζανία,Tanzânia,तंज़ानिया,탄자니아
219,Uganda,Uganda,Uganda,ウガンダ,乌干达,Uganda,Ouganda,Uganda,Уганда,Oeganda,אוגנדה,أوغندا,Ουγκάντα,Uganda,यूगांडा,우간다
234,South Africa,Sudáfrica,Güney Afrika,南アフリカ,南非,Sudafrica,Afrique du Sud,Südafrika,ЮАР,Zuid-Afrika,דרום אפריקה,جنوب أفريقيا,Νότια Αφρική,África do Sul,दक्षिण अफ्रीका,남아 프리카 공화국
235,"Congo, Dem. Rep.","Congo,. Rep.","Kongo, Dem. Cumhuriyeti",コンゴ、DEM。議員,刚果，DEM。众议员,"Congo, Dem. Rep.","Congo, Rép. Représentant","Kongo, Dem.. Rep.","Конго, Дем. Конгрессмен","Congo, Dem. Rep","קונגו, Dem. חבר הקונגרס",الكونغو، ماركا المانيا. عضو مجلس النواب,"Κονγκό, Dem. Δημ.","Congo, Dem. Rep.","कांगो, Dem. निरसित",콩고 민주 공화국. 하원 의원
236,Zambia,Zambia,Zambiya,ザンビア,赞比亚,Zambia,Zambie,Sambia,Замбия,Zambia,זמביה,زامبيا,Ζάμπια,Zâmbia,ज़ाम्बिया,잠비아
237,Zimbabwe,Zimbabue,Zimbabve,ジンバブエ,津巴布韦,Zimbabwe,Zimbabwe,Simbabwe,Зимбабве,Zimbabwe,זימבבואה,زيمبابوي,Ζιμπάμπουε,Zimbábue,ज़िम्बाब्वे,짐바브웨
253,St. Helena,Santa Elena,Helena,セントヘレナ,圣赫勒拿,St. Helena,Sainte-Hélène,St. Helena,Остров Святой Елены,St. Helena,סנט הלנה,سانت هيلانة,Άγια Ελένη,Santa Helena,सेंट हेलेना,세인트 헬레나
3,Afghanistan,Afganistán,Afganistan,アフガニスタン,阿富汗,Afghanistan,Afghanistan,Afghanistan,Афганистан,Afghanistan,אפגניסטן,أفغانستان,Αφγανιστάν,Afeganistão,अफ़ग़ानिस्तान,아프가 니스탄
19,Bangladesh,Bangladesh,Bangladeş,バングラデシュ,孟加拉国,Bangladesh,Bangladesh,Bangladesch,Бангладеш,Bangladesh,בנגלדש,بنجلاديش,Μπαγκλαντές,Bangladesh,बांग्लादेश,방글라데시
31,Bhutan,Bután,Butan,ブータン,不丹,Bhutan,Bhoutan,Bhutan,Бутан,Bhutan,בהוטן,بوتان,Μπουτάν,Butão,भूटान,부탄
96,India,India,Hindistan,インド,印度,India,Inde,Indien,Индия,Indië,הודו,الهند,Ινδία,Índia,भारत,인도
125,Sri Lanka,Sri Lanka,Sri Lanka,スリランカ,斯里兰卡,Sri Lanka,Sri Lanka,Sri Lanka,Шри Ланка,Sri Lanka,סרי לנקה,سري لانكا,Σρι Λάνκα,Sri Lanka,श्रीलंका,스리랑카
137,Maldives,Maldivas,Maldivler,モルディブ,马尔代夫,Maldive,Maldives,Malediven,Мальдивы,Maldiven,האיים המלדיביים,جزر المالديف,Μαλδίβες,Maldivas,मालदीव,몰디브
165,Nepal,Nepal,Nepal,ネパール,尼泊尔,Nepal,Népal,Nepal,Непал,Nepal,נפאל,نيبال,Νεπάλ,Nepal,नेपाल,네팔
169,Pakistan,Pakistán,Pakistan,パキスタン,巴基斯坦,Pakistan,Pakistan,Pakistan,Пакистан,Pakistan,פקיסטן,باكستان,Πακιστάν,Paquistão,पाकिस्तान,파키스탄
26,Bermuda,Bermuda,Bermuda,バミューダ,百慕大,Bermuda,Bermudes,Bermuda,Бермудские острова,Bermuda,ברמודה,برمودا,Βερμούδα,Bermudas,बरमूडा,버뮤다
34,Canada,Canadá,Kanada,カナダ,加拿大,Canada,Canada,Kanada,Канада,Canada,קנדה,كندا,Καναδάς,Canadá,कनाडा,캐나다
223,United States,Estados Unidos,Amerika Birleşik Devletleri,米国,美国,Stati Uniti,États-Unis,Vereinigte Staaten,Соединенные Штаты,Verenigde Staten,ארצות הברית,الولايات المتحدة,Ηνωμένες Πολιτείες,Estados Unidos,अमेरिका,미국
7,United Arab Emirates,Emiratos Árabes Unidos,Birleşik Arap Emirlikleri,アラブ首長国連邦,阿拉伯联合酋长国,Emirati Arabi Uniti,Émirats arabes unis,Vereinigte Arabische Emirate,Объединенные Арабские Эмираты,Verenigde Arabische Emiraten,איחוד האמירויות הערביות,الامارات العربية المتحدة,Ηνωμένα Αραβικά Εμιράτα,Emirados Árabes Unidos,संयुक्त अरब अमीरात,아랍 에미리트
21,Bahrain,Bahrein,Bahreyn,バーレーン,巴林,Bahrain,Bahreïn,Bahrein,Бахрейн,Bahrein,בחריין,البحرين,Μπαχρέιν,Bahrain,बहरीन,바레인
51,Djibouti,Yibuti,Cibuti,ジブチ,吉布提,Gibuti,Djibouti,Dschibuti,Джибути,Djibouti,ג'יבוטי,جيبوتي,Τζιμπουτί,Djibouti,जिबोटी,지부티
55,Algeria,Argelia,Cezayir,アルジェリア,阿尔及利亚,Algeria,Algérie,Algerien,Алжир,Algerije,אלג'יריה,الجزائر,Αλγερία,Argélia,अल्जीरिया,알제리
61,"Egypt, Arab Rep.","Egipto, Rep. Arabe",Mısır Arap Cumhuriyeti,エジプト、アラブ議員,埃及阿拉伯共和国,"Egitto, Rep. Araba","Égypte, République arabe","Ägypten, Arabische Rep.","Египет, Арабская Республика","Egypte, Arabische Rep","מצרים, חבר הקונגרס הערבי",مصر، النائب العربي,"Αίγυπτος, Αραβική Δημοκρατία","Egito, Emirados Árabes Rep.","मिस्र, अरब निरसित","이집트, 아랍 공화국"
98,"Iran, Islamic Rep.","Irán, República Islámica","İran, İslam Cumhuriyeti",イラン、イスラム議員,伊朗伊斯兰共和国,"Iran, Rep. Islamica","Iran, République islamique","Iran, Islamische Rep.",Исламская Республика Иран,"Iran, Islamitische Rep","איראן, חבר הקונגרס המוסלמי",جمهورية ايران الاسلامية,"Ιράν, Ισλαμική Δημοκρατία",Irão,"ईरान, इस्लामी निरसित","이란, 이슬람 공화국"
99,Iraq,Irak,Irak,イラク,伊拉克,Iraq,Irak,Irak,Ирак,Irak,עיראק,العراق,Ιράκ,Iraque,इराक,이라크
101,Israel,Israel,İsrail,イスラエル,以色列,Israele,Israël,Israel,Израиль,Israël,ישראל,إسرائيل,Ισραήλ,Israel,इजराइल,이스라엘
104,Jordan,Jordania,Ürdün,ヨルダン,约旦,Giordania,Jordanie,Jordanien,Иордания,Jordanië,ירדן,الأردن,Ιορδανία,Jordânia,जॉर्डन,요르단
114,Kuwait,Kuwait,Kuveyt,クウェート,科威特,Kuwait,Koweit,Kuwait,Кувейт,Koeweit,כווית,الكويت,Κουβέιτ,Kuweit,कुवैत,쿠웨이트
117,Lebanon,Líbano,Lübnan,レバノン,黎巴嫩,Libano,Liban,Libanon,Ливан,Libanon,לבנון,لبنان,Λίβανος,Líbano,लेबनान,레바논
119,Libya,Libia,Libya,リビア,利比亚,Libia,Libye,Libyen,Ливия,Libië,לוב,ليبيا,Λιβύη,Líbia,लीबिया,리비아
133,Morocco,Marruecos,Fas,モロッコ,摩洛哥,Marocco,Maroc,Marokko,Марокко,Marokko,מרוקו,مغربي,Μαρόκο,Marrocos,मोरक्को,아프리카 북서부의 회교 왕국
168,Oman,Omán,Umman,オマーン,阿曼,Oman,Oman,Oman,Оман,Oman,עומאן,عمان,Ομάν,Oman,ओमान,오만
181,Qatar,Qatar,Katar,カタール,卡塔尔,Qatar,Qatar,Katar,Катар,Katar,קטאר,قطر,Κατάρ,Catar,क़तर,카타르
186,Saudi Arabia,Arabia Saudita,Suudi Arabistan,サウジアラビア,沙特阿拉伯,Arabia Saudita,Arabie Saoudite,Saudi-Arabien,Саудовская Аравия,Saudi-Arabië,ערב הסעודית,العربية السعودية,Σαουδική Αραβία,Arábia Saudita,सऊदी अरब,사우디 아라비아
205,Syrian Arab Republic,República Árabe Siria,Suriye Arap Cumhuriyeti,シリアアラブ共和国,阿拉伯叙利亚共和国,Repubblica araba siriana,République arabe syrienne,Arabische Republik Syrien,Сирийской Арабской Республики,Syrische Arabische Republiek,הרפובליקה הערבית הסורית,الجمهورية العربية السورية,Αραβική Δημοκρατία της Συρίας,República Árabe Síria,सीरियाई अरब गणराज्य,시리아 아랍 공화국
215,Tunisia,Túnez,Tunus,チュニジア,突尼斯,Tunisia,Tunisie,Tunesien,Тунис,Tunesië,תוניסיה,تونس,Τυνησία,Tunísia,ट्यूनीशिया,튀니지
230,West Bank and Gaza,Cisjordania y Gaza,Batı Şeria ve Gazze,ヨルダン川西岸とガザ,约旦河西岸和加沙,Cisgiordania e Gaza,Cisjordanie et à Gaza,Westjordanland und Gazastreifen,Западный берег и сектор Газа,West Bank and Gaza,בגדה המערבית וברצועת עזה,الضفة الغربية وقطاع غزة,Δυτική Όχθη και τη Γάζα,Cisjordânia e Gaza,पश्चिमी तट और गाजा,웨스트 뱅크와 가자
233,"Yemen, Rep.","Yemen, Rep.",Yemen Cumhuriyeti,イエメン、議員,也门共和国,"Yemen, Rep.","Yémen, Rép","Jemen, Rep.","Йемен, Республика","Jemen, Rep","תימן, חבר הקונגרס",اليمن، عضو مجلس النواب,"Υεμένη, Δημ.","Iêmen, Rep.","यमन, निरसित","예멘, 하원 의원"
1,Aruba,Aruba,Aruba,アルバ,阿鲁巴,Aruba,Aruba,Aruba,Аруба,Aruba,ארובה,أروبا,Αρούμπα,Aruba,अरूबा,아루바
8,Argentina,Argentina,Arjantin,アルゼンチン,阿根廷,Argentina,Argentine,Argentinien,Аргентина,Argentinië,ארגנטינה,الأرجنتين,Αργεντινή,Argentina,अर्जेंटीना,아르헨티나
11,Antigua and Barbuda,Antigua y Barbuda,Antigua ve Barbuda,アンチグアバーブーダ,安提瓜和巴布达,Antigua e Barbuda,Antigua et Barbuda,Antigua und Barbuda,Антигуа и Барбуда,Antigua en Barbuda,אנטיגואה וברבודה,انتيغوا وبربودا,Αντίγκουα και Μπαρμπούντα,Antígua e Barbuda,अंटीगुआ और बारबूडा,앤티가 바부다
22,"Bahamas, The","Bahamas, The","Bahamalar,",バハマ、,巴哈马，,"Bahamas, The","Bahamas, The","Bahamas, The","Багамские острова,","Bahamas, De","Bahamas,",جزر البهاما، و,"Μπαχάμες, Η","Bahamas, The","बहामा,","바하마,"
25,Belize,Belice,Belize,ベリーズ,伯利兹,Belize,Belize,Belize,Белиз,Belize,בליז,بليز,Μπελίζ,Belize,बेलीज़,벨리즈
27,Bolivia,Bolivia,Bolivya,ボリビア,玻利维亚,Bolivia,Bolivie,Bolivien,Боливия,Bolivia,בוליביה,بوليفيا,Βολιβία,Bolívia,बोलीविया,볼리비아
28,Brazil,Brasil,Brezilya,ブラジル,巴西,Brasile,Brésil,Brasilien,Бразилия,Brazilië,ברזיל,البرازيل,Βραζιλία,Brasil,ब्राज़िल,브라질
29,Barbados,Barbados,Barbados,バルバドス,巴巴多斯,Barbados,La Barbade,Barbados,Барбадос,Barbados,ברבדוס,بربادوس,Μπαρμπάντος,Barbados,बारबाडोस,바베이도스
37,Chile,Chile,Şili,チリ,智利,Chile,Chili,Chile,Чили,Chili,צ'ילה,تشيلي,Χιλή,Chile,चिली,칠레
42,Colombia,Colombia,Kolombiya,コロンビア,哥伦比亚,Colombia,Colombie,Kolumbien,Колумбия,Colombia,קולומביה,كولومبيا,Κολομβία,Colômbia,कोलंबिया,콜롬비아
45,Costa Rica,Costa Rica,Kostarika,コスタリカ,哥斯达黎加,Costarica,Costa Rica,Costa Rica,Коста-Рика,Costa Rica,קוסטה ריקה,كوستاريكا,Κόστα Ρίκα,Costa Rica,कोस्टा रिका,코스타리카
46,Cuba,Cuba,Küba,キューバ,古巴,Cuba,Cuba,Kuba,Куба,Cuba,קובה,كوبا,Κούβα,Cuba,क्यूबा,쿠바
47,Cayman Islands,Las Islas Caimán,Cayman Adaları,ケイマン諸島,开曼群岛,Isole Cayman,Iles Caïmans,Cayman Islands,Каймановы острова,Cayman Islands,איי קיימן,جزر كايمان,Νησιά Καϊμάν,Ilhas Cayman,केमैन द्वीप,케이맨 제도
52,Dominica,Dominica,Dominika,ドミニカ国,多米尼克,Dominica,Dominique,Dominica,Доминика,Dominica,דומיניקה,دومينيكا,Ντομίνικα,Dominica,डॉमिनिका,도미니카
54,Dominican Republic,República Dominicana,Dominik Cumhuriyeti,ドミニカ共和国,多米尼加共和国,Repubblica Dominicana,République dominicaine,Dominikanische Republik,Доминиканская Республика,Dominicaanse Republiek,הרפובליקה הדומיניקנית,جمهورية الدومينيكان,Δομινικανή Δημοκρατία,República Dominicana,डॉमिनिक गणराज्य,도미니카 공화국
60,Ecuador,Ecuador,Ekvador,エクアドル,厄瓜多尔,Ecuador,Equateur,Ecuador,Эквадор,Ecuador,אקוודור,الاكوادور,Εκουαδόρ,Equador,इक्वेडोर,에콰도르
82,Grenada,Granada,Grenada,グレナダ,格林纳达,Grenada,Grenade,Grenada,Гренада,Grenada,גרנדה,غرينادا,Γρενάδα,Granada,ग्रेनेडा,그레 나다
84,Guatemala,Guatemala,Guatemala,グアテマラ,危地马拉,Guatemala,Guatemala,Guatemala,Гватемала,Guatemala,גואטמלה,غواتيمالا,Γουατεμάλα,Guatemala,ग्वाटेमाला,과테말라
86,Guyana,Guayana,Guyana,ガイアナ,圭亚那,Guyana,Guyane,Guyana,Гайана,Guyana,גיאנה,غيانا,Γουιάνα,Guiana,गिनी - बिसाऊ,가이아나
89,Honduras,Honduras,Honduras,ホンジュラス,洪都拉斯,Honduras,Honduras,Honduras,Гондурас,Honduras,הונדורס,هندوراس,Ονδούρα,Honduras,होंडुरस,온두라스
92,Haiti,Haití,Haiti,ハイチ,海地,Haiti,Haïti,Haiti,Гаити,Haïti,האיטי,هايتي,Αϊτή,Haiti,हैती,아이티
103,Jamaica,Jamaica,Jamaika,ジャマイカ,牙买加,Giamaica,Jamaïque,Jamaika,Ямайка,Jamaica,ג'מייקה,جامايكا,Ιαμαϊκή,Jamaica,जमैका,자메이카
111,St. Kitts and Nevis,Saint Kitts y Nevis,Saint Kitts ve Nevis,セントクリストファー·ネイビス,圣基茨和尼维斯,St. Kitts e Nevis,Saint-Kitts-et-Nevis,St. Kitts und Nevis,Сент-Китс и Невис,St. Kitts en Nevis,סנט קיטס ונוויס,سانت كيتس ونيفيس,Σεντ Κιτς και Νέβις,St. Kitts and Nevis,सेंट किट्स और नेविस,세인트 키츠 네비스
120,St. Lucia,Santa Lucía,Saint Lucia,セント·ルシアのホテル,圣露西亚,St. Lucia,Sainte-Lucie,St. Lucia,Сент-Люсия,St. Lucia,סנט לוסיה,سانت لوسيا,Αγία Λουκία,St. Lucia,सेंट लूसिया,세인트 루시아
139,Mexico,México,Meksika,メキシコ,墨西哥,Messico,Mexique,Mexiko,Мексика,Mexico,מקסיקו,المكسيك,Μεξικό,México,मेक्सिको,멕시코
161,Nicaragua,Nicaragua,Nikaragua,ニカラグア,尼加拉瓜,Nicaragua,Nicaragua,Nicaragua,Никарагуа,Nicaragua,ניקרגואה,نيكاراغوا,Νικαράγουα,Nicarágua,निकारागुआ,니카라과
170,Panama,Panamá,Panama,パナマ,巴拿马,Panama,Panama,Panama,Панама,Panama,פנמה,بنما,Παναμάς,Panamá,पनामा,파나마
171,Peru,Perú,Peru,ペルー,秘鲁,Perù,Pérou,Peru,Перу,Peru,פרו,بيرو,Περού,Peru,पेरू,페루
176,Puerto Rico,Puerto Rico,Portoriko,プエルトリコ,波多黎各,Puerto Rico,Porto Rico,Puerto Rico,Пуэрто-Рико,Puerto Rico,פורטו ריקו,بورتوريكو,Πουέρτο Ρίκο,Porto Rico,पोर्टो रीको,푸에르 토리코
179,Paraguay,Paraguay,Paraguay,パラグアイ,巴拉圭,Paraguay,Paraguay,Paraguay,Парагвай,Paraguay,פרגוואי,باراغواي,Παραγουάη,Paraguai,पैराग्वे,파라과이
192,El Salvador,El Salvador,El Salvador,エルサルバドル,萨尔瓦多,El Salvador,El Salvador,El Salvador,Сальвадор,El Salvador,אל סלבדור,السلفادور,Ελ Σαλβαδόρ,El Salvador,अल सल्वाडोर,엘살바도르
199,Suriname,Suriname,Surinam,スリナム,苏里南,Suriname,Suriname,Suriname,Суринам,Suriname,סורינאם,سورينام,Σουρινάμ,Suriname,सूरीनाम,수리남
206,Turks and Caicos Islands,Islas Turcas y Caicos,Turks ve Caicos Adaları,タークスカイコス諸島,特克斯和凯科斯群岛,Isole Turks e Caicos,Îles Turques et Caïques,Turks-und Caicosinseln,Острова Теркс и Кайкос,Turks-en Caicoseilanden,איי טורקס וקאיקוס,جزر تركس وكايكوس,Τερκς και Κάικος,Ilhas Turks e Caicos,तुर्क्स ऐंड कैकोज़ आइलैंड्स,터크스 케이 커스 제도
214,Trinidad and Tobago,Trinidad y Tobago,Trinidad ve Tobago,トリニダード·トバゴ,特里尼达和多巴哥,Trinidad e Tobago,Trinité-et-Tobago,Trinidad und Tobago,Тринидад и Тобаго,Trinidad en Tobago,טרינידד וטובגו,ترينيداد وتوباغو,Τρινιντάντ και Τομπάγκο,Trinidad e Tobago,त्रिनिदाद एंड टोबेगो,트리 니다드 토바고
222,Uruguay,Uruguay,Uruguay,ウルグアイ,乌拉圭,Uruguay,Uruguay,Uruguay,Уругвай,Uruguay,אורוגוואי,أوروغواي,Ουρουγουάη,Uruguai,उरुग्वे,우루과이
225,St. Vincent and the Grenadines,San Vicente y las Granadinas,Saint Vincent ve Grenadinler,セントビンセントおよびグレナディーン諸島,圣文森特和格林纳丁斯,St. Vincent e Grenadine,Saint-Vincent-et-les Grenadines,St. Vincent und die Grenadinen,Сент-Винсент и Гренадины,St. Vincent en de Grenadines,סנט וינסנט והגרנדינים,سانت فنسنت وغرينادين,Άγιος Βικέντιος και Γρεναδίνες,São Vicente e Granadinas,सेंट विन्सेंट और ग्रेनेजियन्स,세인트 빈센트 그레나딘
226,Venezuela,Venezuela,Venezuela,ベネズエラ,委内瑞拉,Venezuela,Venezuela,Venezuela,Венесуэла,Venezuela,ונצואלה,فنزويلا,Βενεζουέλα,Venezuela,वेनेज़ुएला,베네수엘라
227,"Virgin Islands, U.S.","Islas Vírgenes, EE.UU.","Virgin Adaları, ABD",米領バージン諸島,美国维尔京群岛，,"Isole Vergini, USA",Iles Vierges américaines,"Virgin Islands, US","Виргинские острова, США",Amerikaanse Maagdeneilanden,"איי הבתולה, ארה""ב",الجزر العذراء، الولايات المتحدة,Αμερικανικές Παρθένοι Νήσοι,"Ilhas Virgens, EUA","वर्जिन द्वीप समूह, अमेरिकी","버진 군도, 미국"
2,Andorra,Andorra,Andorra,アンドラ,安道​​尔,Andorra,Andorre,Andorra,Андорра,Andorra,אנדורה,أندورا,Ανδόρα,Andorra,एंडोरा,안도라
5,Albania,Albania,Arnavutluk,アルバニア,阿尔巴尼亚,Albania,Albanie,Albanien,Албания,Albanië,אלבניה,ألبانيا,Αλβανία,Albânia,अल्बानिया,알바니아
9,Armenia,Armenia,Ermenistan,アルメニア,亚美尼亚,Armenia,Arménie,Armenien,Армения,Armenië,ארמניה,أرمينيا,Αρμενία,Armênia,अर्मेनिआ,아르메니아
13,Austria,Austria,Avusturya,オーストリア,奥地利,Austria,Autriche,Österreich,Австрия,Oostenrijk,אוסטריה,النمسا,Αυστρία,Áustria,ऑस्ट्रिया,오스트리아
14,Azerbaijan,Azerbaiyán,Azerbeycan,アゼルバイジャン,阿塞拜疆,Azerbaijan,Azerbaïdjan,Aserbaidschan,Азербайджан,Azerbeidzjan,אזרבייג'אן,أذربيجان,Αζερμπαϊτζάν,Azerbaijão,अज़रबैजान,아제르바 이잔
16,Belgium,Bélgica,Belçika,ベルギー,比利时,Belgio,Belgique,Belgien,Бельгия,België,בלגיה,بلجيكا,Βέλγιο,Bélgica,बेल्जियम,벨기에
20,Bulgaria,Bulgaria,Bulgaristan,ブルガリア,保加利亚,Bulgaria,Bulgarie,Bulgarien,Болгария,Bulgarije,בולגריה,بلغاريا,Βουλγαρία,Bulgária,बुल्गारिया,불가리아
23,Bosnia and Herzegovina,Bosnia y Herzegovina,Bosna Hersek,ボスニア·ヘルツェゴビナ,波斯尼亚和黑塞哥维那,Bosnia-Erzegovina,Bosnie-Herzégovine,Bosnien und Herzegowina,Босния и Герцеговина,Bosnië-Herzegovina,בוסניה והרצגובינה,البوسنة والهرسك,Βοσνία και Ερζεγοβίνη,Bósnia e Herzegovina,बोस्निया और हर्ज़िगोविना,보스니아 - 헤르체 고 비나
24,Belarus,Belarús,Beyaz rusya,ベラルーシ,白俄罗斯,Bielorussia,Belarus,Weißrussland,Беларусь,Wit-Rusland,בלארוס,روسيا البيضاء,Λευκορωσία,Bielorrússia,बेलारूस,벨라루스
35,Switzerland,Suiza,İsviçre,スイス,瑞士,Svizzera,Suisse,Schweiz,Швейцария,Zwitserland,שוויץ,سويسرا,Ελβετία,Suíça,स्विजरलैंड,스위스
36,Channel Islands,Islas del Canal,Channel Islands,チャンネル諸島,海峡群岛,Isole del Canale,Iles Anglo-Normandes,Channel Islands,Нормандские острова,Channel Islands,איי התעלה,جزر القنال,Νησιά της Μάγχης,Ilhas do Canal,चैनल द्वीपसमूह,채널 아일랜드
48,Cyprus,Chipre,Kıbrıs,キプロス,塞浦路斯,Cipro,Chypre,Zypern,Кипр,Cyprus,קפריסין,قبرص,Κύπρος,Chipre,सायप्रस,키프로스
49,Czech Republic,La República Checa,Çek Cumhuriyeti,チェコ共和国,捷克共和国,Repubblica Ceca,République tchèque,Tschechische Republik,Чешская республика,Tsjechische Republiek,צ'כיה,جمهورية التشيك,Τσεχική Δημοκρατία,República Checa,चेक गणराज्य,체코 공화국
50,Germany,Alemania,Almanya,ドイツ,德国,Germania,Allemagne,Deutschland,Германия,Duitsland,גרמניה,ألمانيا,Γερμανία,Alemanha,जर्मनी,독일
53,Denmark,Dinamarca,Danimarka,デンマーク,丹麦,Danimarca,Danemark,Dänemark,Дания,Denemarken,דנמרק,الدنمارك,Δανία,Dinamarca,डेनमार्क,덴마크
64,Spain,España,İspanya,スペイン,西班牙,Spagna,Espagne,Spanien,Испания,Spanje,ספרד,إسبانيا,Ισπανία,Espanha,स्पेन,스페인
65,Estonia,Estonia,Estonya,エストニア,爱沙尼亚,Estonia,Estonie,Estland,Эстония,Estland,אסטוניה,استونيا,Εσθονία,Estônia,एस्तोनिया,에스 토니아
67,Finland,Finlandia,Finlandiya,フィンランド,芬兰,Finlandia,Finlande,Finnland,Финляндия,Finland,פינלנד,فنلندا,Φινλανδία,Finlândia,फ़िनलैंड,핀란드
69,France,Francia,Fransa,フランス,法国,Francia,France,Frankreich,Франция,Frankrijk,צרפת,فرنسا,Γαλλία,França,फ्रांस,프랑스
70,Faeroe Islands,Islas Feroe,Faroe Adaları,フェロー諸島,法罗群岛,Isole Fær Øer,Iles Féroé,Färöer-Inseln,Фарерские острова,Faeröer,איי פארו,جزر فارو,Νήσοι Φερόες,Ilhas Faroé,फ़ैरो आइलैंड्स,페로 제도
73,United Kingdom,Reino Unido,Büyük Britanya,イギリス,联合王国,Regno Unito,Royaume-Uni,Vereinigtes Königreich,Великобритания,Verenigd Koninkrijk,בריטניה,المملكة المتحدة,Ηνωμένο Βασίλειο,Reino Unido,यूनाइटेड किंगडम,연합 왕국
74,Georgia,Georgia,Georgia,ジョージア州,格鲁吉亚,Georgia,Géorgie,Georgien,Грузия,Georgië,גאורגיה,جورجيا,Γεωργία,Geórgia,जॉर्जिया,그루지야
81,Greece,Grecia,Yunanistan,ギリシャ,希腊,Grecia,Grèce,Griechenland,Греция,Griekenland,יון,يونان,Ελλάδα,Grécia,ग्रीस,그리스
83,Greenland,Groenlandia,Grönland,グリーンランド,格陵兰,Groenlandia,Groenland,Grönland,Гренландия,Groenland,גרינלנד,غرينلاند,Γροιλανδία,Groenlândia,ग्रीनलैंड,그린란드
91,Croatia,Croacia,Hırvatistan,クロアチア,克罗地亚,Croazia,Croatie,Kroatien,Хорватия,Kroatië,קרואטיה,كرواتيا,Κροατία,Croácia,क्रोएशिया,크로아티아
93,Hungary,Hungría,Macaristan,ハンガリー,匈牙利,Ungheria,Hongrie,Ungarn,Венгрия,Hongarije,הונגריה,هنغاريا,Ουγγαρία,Hungria,हंगरी,헝가리
97,Ireland,Irlanda,İrlanda,アイルランド,爱尔兰,Irlanda,Irlande,Irland,Ирландия,Ierland,אירלנד,أيرلندا,Ιρλανδία,Irlanda,आयरलैंड,아일랜드
100,Iceland,Islandia,İzlanda,アイスランド,冰岛,Islanda,Islande,Island,Исландия,IJsland,איסלנד,أيسلندا,Ισλανδία,Islândia,आइसलैंड,아이슬란드
102,Italy,Italia,İtalya,イタリア,意大利,Italia,Italie,Italien,Италия,Italië,איטליה,إيطاليا,Ιταλία,Itália,इटली,이탈리아
106,Kazakhstan,Kazajstán,Kazakistan,カザフスタン,哈萨克斯坦,Kazakhstan,Kazakhstan,Kasachstan,Казахстан,Kazachstan,קזחסטן,كازاخستان,Καζακστάν,Cazaquistão,कजाखस्तान,카자흐스탄
108,Kyrgyzstan,Kirguistán,Kırgızistan,キルギスタン,吉尔吉斯斯坦,Kirghizistan,Kirghizistan,Kirgisistan,Киргизия,Kirgizië,קירגיזסטן,قرغيزستان,Κιργιστάν,Quirguistão,किर्गिस्तान,키르 기스 스탄
129,Lithuania,Lituania,Litvanya,リトアニア,立陶宛,Lituania,Lituanie,Litauen,Литва,Litouwen,ליטא,ليتوانيا,Λιθουανία,Lituânia,लिथुआनिया,리투아니아
130,Luxembourg,Luxemburgo,Lüksemburg,ルクセンブルク,卢森堡,Lussemburgo,Luxembourg,Luxemburg,Люксембург,Luxemburg,לוקסמבורג,لوكسمبورغ,Λουξεμβούργο,Luxemburgo,लक्ज़मबर्ग,룩셈부르크
142,"Macedonia, Former Yugoslav Republic of","Macedonia, Antigua República Yugoslava de","Makedonya, Eski Yugoslav Cumhuriyeti",マケドニア旧ユーゴスラビア共和国,马其顿，前南斯拉夫共和国,"Macedonia, ex Repubblica iugoslava di","Macédoine, Ex-République yougoslave de","Mazedonien, ehemalige jugoslawische Republik","Македония, Бывшая Югославская Республика","Macedonië, Voormalige Joegoslavische Republiek","מקדוניה, הרפובליקה היוגוסלבית לשעבר של",مقدونيا، الجمهورية اليوغوسلافية السابقة من,"Μακεδονία, Πρώην Γιουγκοσλαβική Δημοκρατία της","Macedónia, Antiga República Jugoslava da","मैसिडोनिया, पूर्व Yugoslav गणराज्य","마케도니아, 전 유고 슬라비아 공화국"
162,Netherlands,Países Bajos,Hollanda,オランダ,荷兰,Paesi Bassi,Pays-Bas,Niederlande,Нидерланды,Nederland,הולנד,هولندا,Ολλανδία,Holanda,नीदरलैंड,네덜란드
164,Norway,Noruega,Norveç,ノルウェー,挪威,Norvegia,Norvège,Norwegen,Норвегия,Noorwegen,נורבגיה,النرويج,Νορβηγία,Noruega,नॉर्वे,노르웨이
175,Poland,Polonia,Polonya,ポーランド,波兰,Polonia,Pologne,Polen,Польша,Polen,פולין,بولندا,Πολωνία,Polônia,पोलैंड,폴란드
178,Portugal,Portugal,Portekiz,ポルトガル,葡萄牙,Portogallo,Portugal,Portugal,Португалия,Portugal,פורטוגל,البرتغال,Πορτογαλία,Portugal,पुर्तगाल,포르투갈
182,Romania,Rumania,Romanya,ルーマニア,罗马尼亚,Romania,Roumanie,Rumänien,Румыния,Roemenië,רומניה,رومانيا,Ρουμανία,Romênia,रोमानिया,루마니아
183,Russia,Rusia,Rusya,ロシア,俄国,Russia,Russie,Russland,Россия,Rusland,רוסיה,روسيا,Ρωσία,Rússia,रूस,러시아
195,Serbia,Serbia,Sırbistan,セルビア,塞尔维亚,Serbia,Serbie,Serbien,Сербии,Servië,סרביה,صربيا,Σερβία,Sérvia,सर्बिआ,세르비아
200,Slovakia,Eslovaquia,Slovakya,スロバキア,斯洛伐克,Slovacchia,La Slovaquie,Slowakei,Словакия,Slowakije,סלובקיה,سلوفاكيا,Σλοβακία,Eslováquia,स्लोवाकिया,슬로바키아
201,Slovenia,Eslovenia,Slovenya,スロベニア,斯洛文尼亚,Slovenia,La Slovénie,Slowenien,Словения,Slovenië,סלובניה,سلوفينيا,Σλοβενία,Eslovénia,स्लोवेनिया,슬로베니아
202,Sweden,Suecia,İsveç,スウェーデン,瑞典,Svezia,Suède,Schweden,Швеция,Zweden,שבדיה,السويد,Σουηδία,Suécia,स्वीडन,스웨덴
210,Tajikistan,Tayikistán,Tacikistan,タジキスタン,塔吉克斯坦,Tagikistan,Tadjikistan,Tadschikistan,Таджикистан,Tadzjikistan,טג'יקיסטן,طاجيكستان,Τατζικιστάν,Tajiquistão,ताजीकिस्तान,타지키스탄
211,Turkmenistan,Turkmenistán,Türkmenistan,トルクメニスタン,土库曼斯坦,Turkmenistan,Le Turkménistan,Turkmenistan,Туркменистан,Turkmenistan,טורקמניסטן,تركمانستان,Τουρκμενιστάν,Turcomenistão,तुर्कमेनिस्तान,투르크메 니스탄
216,Turkey,Turquía,Türkiye,トルコ,土耳其,Turchia,Turquie,Türkei,Турция,Turkije,טורקיה,تركيا,Τουρκία,Turquia,टर्की,터키
220,Ukraine,Ucrania,Ukrayna,ウクライナ,乌克兰,Ucraina,Ukraine,Ukraine,Украина,Oekraïne,אוקראינה,أوكرانيا,Ουκρανία,Ucrânia,यूक्रेन,우크라이나
224,Uzbekistan,Uzbekistán,Özbekistan,ウズベキスタン,乌兹别克斯坦,Uzbekistan,L'Ouzbékistan,Usbekistan,Узбекистан,Oezbekistan,אוזבקיסטן,أوزبكستان,Ουζμπεκιστάν,Uzbequistão,उज़्बेकिस्तान,우즈 베키스탄
12,Australia,Australia,Avustralya,オーストラリア,澳大利亚,Australia,Australie,Australien,Австралия,Australië,אוסטרליה,أستراليا,Αυστραλία,Austrália,ऑस्ट्रेलिया,호주
30,Brunei Darussalam,Brunei Darussalam,Brunei Sultanlığı,ブルネイ·ダルサラーム国,文莱,Brunei Darussalam,Brunéi Darussalam,Brunei Darussalam,Бруней-Даруссалам,Brunei Darussalam,ברוני דרוסלם,بروناي دار السلام,Μπρουνέι Νταρουσαλάμ,Brunei Darussalam,ब्रुनेई दारुसलाम,브루나이
38,China,China,Çin,中国,中国,Porcellana,Chine,China,Китай,China,סין,الصين,Κίνα,China,चीन,중국
68,Fiji,Fiyi,Fiji,フィジー,斐,Fiji,Fidji,Fidschi,Фиджи,Fiji,פיג'י,فيجي,Φίτζι,Fiji,फिजी,피지
71,"Micronesia, Federated States of","Micronesia, Estados Federados de","Mikronezya, Federe Devletleri",ミクロネシア連邦,密克罗尼西亚联邦,"Micronesia, Stati Federati di","Micronésie, États fédérés de","Mikronesien, Föderierte Staaten von","Микронезия, Федеративные Штаты","Micronesië, Federale Staten van","מיקרונזיה, המדינות המאוחדות של",ولايات ميكرونيزيا الموحدة من,"Μικρονησία, Ομόσπονδες Πολιτείες της","Micronésia, Estados Federados da","माइक्रोनेशिया, Federated की राज्य अमेरिका में","미크 로네시아, 로네시아"
85,Guam,Guam,Guam,グアム島,关岛,Guam,Guam,Guam,Гуам,Guam,גואם,غوام,Γκουάμ,Guam,गुआम,괌
88,Hong Kong,Hong Kong,Hong Kong,香港,香港,Hong Kong,Hong-Kong,Hongkong,Гонконг,Hong Kong,הונג קונג,هونج كونج,Χονγκ Κονγκ,Hong Kong,हाँग काँग,홍콩
94,Indonesia,Indonesia,Endonezya,インドネシア,印尼,Indonesia,Indonésie,Indonesien,Индонезия,Indonesië,אינדונזיה,أندونيسيا,Ινδονησία,Indonésia,इंडोनेशिया,인도네시아
105,Japan,Japón,Japonya,日本,日本,Giappone,Japon,Japan,Япония,Japan,יפן,اليابان,Ιαπωνία,Japão,जापान,일본
109,Cambodia,Camboya,Kamboçya,カンボジア,柬埔寨,Cambogia,Cambodge,Kambodscha,Камбоджа,Cambodja,קמבודיה,كمبوديا,Καμπότζη,Camboja,कंबोडिया,캄보디아
112,Republic of Korea,República de Corea,Kore Cumhuriyeti,韓国,韩国,Repubblica di Corea,République de Corée,Republik Korea,Республика Корея,Republiek Korea,הרפובליקה של קוריאה,جمهورية كوريا,Δημοκρατία της Κορέας,República da Coreia,कोरिया गणराज्य,대한민국
116,Lao People's Democratic Republic,"Democrática Popular Lao, República",Lao Demokratik Halk Cumhuriyeti,ラオス人民民主共和国,老挝人民民主共和国,Democratica popolare del Laos,Démocratique populaire lao République,Lao Demokratischen Volksrepublik,Лаосская Народно-Демократическая Республика,Lao Democratische Volksrepubliek,לאוס של,جمهورية لاو الديمقراطية,Λαϊκή Δημοκρατία του Λάος,República Democrática Popular do Laos,लाओस पीपुल डेमोक्रेटिक रिपब्लिक,라오스 인민 민주주의 공화국
132,"Macao SAR, China","La RAE de Macao, China","Macao SAR, Çin",マカオ、中国,澳门特别行政区，中国,"RAS di Macao, Cina","La RAS de Macao, en Chine","Macau, China","Макао, Китай","SAR Macao, China","מקאו SAR, סין",منطقة ماكاو الادارية الخاصة، والصين,"ΕΔΠ Μακάο, Κίνα","Macau, China","मकाओ खोज एवं बचाव, चीन","마카오 특별 행정구, 중국"
140,Marshall Islands,Las Islas Marshall,Marshall Adaları,マーシャル諸島共和国,马绍尔群岛,Isole Marshall,Iles Marshall,Marshall-Inseln,Маршалловы острова,Marshall Eilanden,איי מרשל,جزر مارشال,Νησιά Μάρσαλ,Ilhas Marshall,मार्शल द्वीप,마샬 군도
145,Myanmar,Myanmar,Myanmar,ビルマ,缅甸,Myanmar,Myanmar,Myanmar,Мьянма,Myanmar,בורמה,ميانمار,Μιανμάρ,Mianmar,म्यांमार,미얀마
148,Mongolia,Mongolia,Moğolistan,モンゴル国,蒙古,Mongolia,Mongolie,Mongolei,Монголия,Mongolië,מונגוליה,منغوليا,Μογγολία,Mongólia,मंगोलिया,몽골
154,Malaysia,Malasia,Malezya,マレーシア,马来西亚,Malaysia,Malaisie,Malaysia,Малайзия,Maleisië,מלזיה,ماليزيا,Μαλαισία,Malásia,मलेशिया,말레이시아
166,New Zealand,Nueva Zelanda,Yeni Zelanda,ニュージーランド,新西兰,Nuova Zelanda,Nouvelle-Zélande,Neuseeland,Новая Зеландия,Nieuw-Zeeland,ניו זילנד,نيوزيلندا,Νέα Ζηλανδία,Nova Zelândia,न्यूजीलैंड,뉴질랜드
172,Philippines,Filipinas,Filipinler,フィリピン,菲律宾,Filippine,Philippines,Philippinen,Филиппины,Filippijnen,הפיליפינים,الفلبين,Φιλιππίνες,Filipinas,फिलीपींस,필리핀
174,Papua New Guinea,Papua Nueva Guinea,Papua Yeni Gine,パプアニューギニア,巴布亚新几内亚,Papua Nuova Guinea,Papouasie-Nouvelle-Guinée,Papua-Neuguinea,Папуа-Новая Гвинея,Papoea-Nieuw-Guinea,פפואה גינאה החדשה,بابوا غينيا الجديدة,Παπούα Νέα Γουινέα,Papua Nova Guiné,पापुआ न्यू गिनी,파푸아 뉴 기니
177,Democratic People's Republic of Korea,República Popular Democrática de Corea,Kore Demokratik Halk Cumhuriyeti,朝鮮民主主義人民共和国,朝鲜人民民主共和国,Repubblica democratica popolare di Corea,République populaire démocratique de Corée,Demokratische Volksrepublik Korea,Корейская Народно-Демократическая Республика Корея,Democratische Volksrepubliek Korea,אנשים הדמוקרטית של הרפובליקה של קוריאה,الديمقراطية الشعبية جمهورية كوريا,Λαϊκή Δημοκρατία της Κορέας,República Popular Democrática da Coreia,डेमोक्रेटिक पीपुल्स कोरिया गणराज्य,조선 민주주의 인민 공화국
189,Singapore,Singapur,Singapur,シンガポール,新加坡,Singapore,Singapour,Singapur,Сингапур,Singapore,סינגפור,سنغافورة,Σιγκαπούρη,Cingapura,सिंगापुर,싱가포르
209,Thailand,Tailandia,Tayland,タイ,泰国,Thailandia,Thaïlande,Thailand,Таиланд,Thailand,תאילנד,تايلاند,Ταϊλάνδη,Tailândia,थाईलैंड,태국
228,Vietnam,Vietnam,Vietnam,ベトナム,越南,Vietnam,Vietnam,Vietnam,Вьетнам,Vietnam,וייטנאם,فيتنام,Βιετνάμ,Vietnã,वियतनाम,베트남
241,"Taiwan, Province of China","Taiwan, Provincia de China","Çin, Tayvan, İl",台湾、中国の県,中国台湾省,"Taiwan, Provincia della Cina","Taïwan, Province de Chine","Taiwan, Chinesische Provinz","Тайвань, провинция Китая","Taiwan, provincie van China","טייוואן, פרובינציה של סין",مقاطعة تايوان الصينية,"Ταϊβάν, Επαρχία της Κίνας","Taiwan, Província da China","ताइवान, चीन के प्रांत",중국 대만 성
245,Saint Pierre and Miquelon,San Pedro y Miquelón,Saint Pierre ve Miquelon,サンピエール島·ミクロン島,圣皮埃尔和密克隆,Saint-Pierre e Miquelon,Saint-Pierre-et-Miquelon,St. Pierre und Miquelon,Сен-Пьер и Микелон,Saint Pierre en Miquelon,סנט פייר ומיקלון,سان بيار وميكلون,Σεν Πιερ και Μικελόν,Saint Pierre e Miquelon,सेंट पियरे और मिकेलॉन,세인트 피에르 미퀠론
247,French Guiana,Francés de Guayana,Fransız Guyanası,仏領ギアナ,法属圭亚那,Guyana Francese,Guyane française,Französisch-Guayana,Французская Гвиана,Frans-Guyana,גיאנה הצרפתית,جويانا الفرنسية,Γαλλική Γουιάνα,Guiana Francesa,फ़्रेंच गयाना,프랑스령 기아나
258,Falkland Islands,De las Islas Malvinas,Falkland Adaları,フォークランド諸島,福克兰群岛,Isole Falkland,Îles Falkland,Falkland-Inseln,Фолклендские острова,Falkland Islands,איי פוקלנד,جزر فوكلاند,Νησιά Φώκλαντ,Ilhas Malvinas,फ़ॉकलैंड आइलैंड्स,포클랜드 제도
259,"Palestinian Territory, Occupied",Territorio Palestino Ocupado,"Filistin, işgal edilmiş",パレスチナ自治区、,巴勒斯坦占领区,Territorio palestinese occupato,"Palestinien Occupé, Territoire",Palästinensische Autonomiegebiete,"Палестинских территориях, занимаемых","Palestijnse Gebieden, Bezette","השטח הפלסטיני, הכבושה",الأرض الفلسطينية المحتلة,"Παλαιστινιακά Εδάφη, Κατεχόμενα",Territórios Palestinianos Ocupados,"फ़िलिस्तीनी राज्य क्षेत्र पर कब्जा कर लिया,",팔레스타인 자치 정부는 점령 지역
272,Antarctica,Antártida,Antarktika,南極,南极洲,Antartide,Antarctique,Antarktika,Антарктида,Antarctica,אנטארקטיקה,القارة القطبية الجنوبية,Ανταρκτική,Antártica,अंटार्टिका,남극
292,Martinique,Martinica,Martinik,マルティニーク島,马提尼克,Martinique,Martinique,Martinique,Мартиника,Martinique,מרטיניק,مارتينيك,Μαρτινίκα,Martinica,मार्टीनिक,마티니크
301,Norfolk Island,Norfolk Island,Norfolk Adası,ノーフォーク島,诺福克岛,Norfolk Island,L'île de Norfolk,Norfolk Island,Остров Норфолк,Norfolk Island,נורפוק,جزيرة نورفولك,Νησί Νόρφολκ,Norfolk Island,नॉरफ़ॉक आइलैंड,노퍽 섬
314,Anguilla,Anguila,Anguilla,アングィラ,安圭拉,Anguilla,Anguilla,Anguilla,Ангилья,Anguilla,אנגילה,أنغيلا,Ανγκουίλα,Anguilla,एंगुइल्ला,안길라
319,Western Sahara,El Sáhara Occidental,Batı Sahara,西サハラ,西撒哈拉,Sahara occidentale,Sahara Occidental,Westsahara,Западная Сахара,Westelijke Sahara,סהרה המערבית,الصحراء الغربية,Δυτική Σαχάρα,Saara Ocidental,पश्चिमी सहारा,서부 사하라
339,South Sudan,Sudán del Sur,Güney Sudan,南スーダン,苏丹南部,Sud Sudan,Sud-Soudan,Süd-Sudan,Южный Судан,Zuid-Soedan,דרום סודן,جنوب السودان,Νότιο Σουδάν,Sul do Sudão,दक्षिण सूडान,남부 수단
